account,amount,currency,title,note,date,income,category name
Supermoney,116,INR,Reverse,332+349,12-01-2026 08:21,TRUE,Bills & Fees
FlipkartAxis,37,INR,Cashback,,12-01-2026 07:50,TRUE,Bills & Fees
Supermoney,2120,INR,Internet,,12-01-2026 07:45,FALSE,Home
Supermoney,842,INR,Reliance smart bazar,181+141+237+134+149,12-01-2026 07:34,FALSE,Shopping
Supermoney,140,INR,Sweet,,11-01-2026 07:45,FALSE,Groceries
Supermoney,412,INR,Chicken,,10-01-2026 07:45,FALSE,Groceries
Supermoney,565,INR,Swiggy Instamart,,09-01-2026 07:44,FALSE,Groceries
Supermoney,220,INR,Egg,,09-01-2026 07:44,FALSE,Groceries
FlipkartAxis,609,INR,Flipkart grocery,328+281,09-01-2026 00:59,FALSE,Groceries
Supermoney,130,INR,Muri,,08-01-2026 07:43,FALSE,Groceries
Supermoney,152,INR,Zomato,,07-01-2026 07:43,FALSE,Food
Supermoney,104,INR,Grocery zepto,,07-01-2026 07:42,FALSE,Groceries
Supermoney,455,INR,Fish,,06-01-2026 07:38,FALSE,Groceries
FlipkartAxis,1650,INR,Nila fashion,,05-01-2026 07:49,FALSE,Shopping
Supermoney,151,INR,Chicken,,04-01-2026 07:34,FALSE,Groceries
Supermoney,142,INR,Reliance smart bazar,,04-01-2026 07:34,FALSE,Shopping
Supermoney,1188,INR,Nila fashion,,03-01-2026 07:34,FALSE,Shopping
Supermoney,681,INR,Reverse,332+349,02-01-2026 08:21,TRUE,Bills & Fees
Supermoney,7000,INR,Tanishq,,02-01-2026 08:20,FALSE,Shopping
IciciAmazon,12653,INR,,"Updated Total Balance
IciciAmazon: ₹0",02-01-2026 08:20,TRUE,Balance Correction
Supermoney,13605,INR,,"Updated Total Balance
Supermoney: ₹0",31-12-2025 07:48,TRUE,Balance Correction
Supermoney,219,INR,Sweet,,27-12-2025 07:47,FALSE,Groceries
Supermoney,1897,INR,Nila fashion,,26-12-2025 07:46,FALSE,Shopping
Supermoney,899,INR,Nila fashion,,26-12-2025 07:46,FALSE,Shopping
Supermoney,342,INR,Swiggy Instamart,,26-12-2025 07:46,FALSE,Groceries
Supermoney,134,INR,Chicken,,26-12-2025 07:45,FALSE,Groceries
Supermoney,349,INR,Biriyani,,25-12-2025 07:44,FALSE,Food
IciciAmazon,315,INR,Reverse,,25-12-2025 07:44,TRUE,Bills & Fees
Supermoney,5,INR,Reverse,,25-12-2025 07:44,TRUE,Bills & Fees
IciciAmazon,1983,INR,Electric,,25-12-2025 07:43,FALSE,Home
Supermoney,140,INR,Zomato,,25-12-2025 00:58,FALSE,Food
Supermoney,1699,INR,Scooty,,25-12-2025 00:57,FALSE,Travel
Supermoney,133,INR,Reliance smart bazar,,24-12-2025 00:56,FALSE,Shopping
Supermoney,310,INR,Swiggy Instamart,,23-12-2025 00:57,FALSE,Groceries
Supermoney,170,INR,Reliance smart bazar,,23-12-2025 00:56,FALSE,Shopping
Supermoney,162,INR,Chicken,,23-12-2025 00:53,FALSE,Groceries
Supermoney,133,INR,Grocery Bigbasket,,22-12-2025 00:54,FALSE,Groceries
Supermoney,138,INR,Reliance smart bazar,,22-12-2025 00:54,FALSE,Shopping
Supermoney,1257,INR,FirstCry,,21-12-2025 00:54,FALSE,Shopping
Supermoney,129,INR,Reliance smart bazar,,21-12-2025 00:54,FALSE,Shopping
Supermoney,151,INR,Chicken,,21-12-2025 00:53,FALSE,Groceries
Supermoney,302,INR,Swiggy food,,21-12-2025 00:53,FALSE,Food
Supermoney,350,INR,Reliance smart bazar,,20-12-2025 00:52,FALSE,Shopping
Supermoney,168,INR,Arin Medicine,,19-12-2025 00:52,FALSE,Healthcare
Supermoney,120,INR,Coconut,,19-12-2025 00:52,FALSE,Groceries
Supermoney,208,INR,Chicken,,19-12-2025 00:51,FALSE,Groceries
Supermoney,158,INR,Reliance smart bazar,,19-12-2025 00:49,FALSE,Shopping
FlipkartAxis,521,INR,Flipkart grocery,307+214,18-12-2025 00:59,FALSE,Groceries
Supermoney,503,INR,Arin Medicine,,18-12-2025 00:50,FALSE,Healthcare
Supermoney,159,INR,Reliance smart bazar,,18-12-2025 00:49,FALSE,Shopping
Supermoney,227,INR,Reliance smart bazar,,17-12-2025 00:49,FALSE,Shopping
Supermoney,2957,INR,Reverse,,17-12-2025 00:42,TRUE,Bills & Fees
IciciAmazon,1269,INR,Toys,,16-12-2025 07:38,FALSE,Shopping
Supermoney,115,INR,Dough as you like,,16-12-2025 00:44,FALSE,Food
Supermoney,132,INR,Reliance smart bazar,,16-12-2025 00:44,FALSE,Shopping
Supermoney,297,INR,Grocery zepto,,16-12-2025 00:44,FALSE,Groceries
Supermoney,500,INR,Reverse,,15-12-2025 00:42,TRUE,Bills & Fees
Supermoney,332,INR,Reliance smart bazar,,15-12-2025 00:40,FALSE,Shopping
Supermoney,332,INR,Reliance smart bazar,,14-12-2025 00:40,FALSE,Shopping
Supermoney,105,INR,Reliance smart bazar,,14-12-2025 00:40,FALSE,Shopping
Supermoney,157,INR,Reliance smart bazar,,14-12-2025 00:40,FALSE,Shopping
Supermoney,1458,INR,Grocery zepto,,14-12-2025 00:40,FALSE,Groceries
Supermoney,285,INR,Reverse,,13-12-2025 08:16,TRUE,Bills & Fees
Supermoney,106,INR,Sweet,,13-12-2025 00:26,FALSE,Groceries
Supermoney,169,INR,Reliance smart bazar,,13-12-2025 00:26,FALSE,Shopping
Supermoney,120,INR,Coconut,,13-12-2025 00:24,FALSE,Groceries
Supermoney,500,INR,Nila fashion,,13-12-2025 00:24,FALSE,Shopping
Supermoney,154,INR,Reliance smart bazar,,12-12-2025 08:15,FALSE,Shopping
Supermoney,139,INR,Reliance smart bazar,,12-12-2025 08:15,FALSE,Shopping
Supermoney,273,INR,Reliance smart bazar,,12-12-2025 08:15,FALSE,Shopping
DebitCard,130,INR,Coconut,,12-12-2025 08:03,FALSE,Groceries
FlipkartAxis,593,INR,Swiggy Instamart,306+287,12-12-2025 01:03,FALSE,Groceries
Supermoney,86,INR,Reverse,,11-12-2025 08:16,TRUE,Bills & Fees
FlipkartAxis,71,INR,,,11-12-2025 01:09,FALSE,Bills & Fees
FlipkartAxis,698,INR,Reverse,338+360,11-12-2025 01:03,TRUE,Bills & Fees
Supermoney,42,INR,Reverse,,10-12-2025 08:16,TRUE,Bills & Fees
Supermoney,171,INR,Reliance smart bazar,,10-12-2025 08:15,FALSE,Shopping
DebitCard,851,INR,Nila medicine,,10-12-2025 08:02,FALSE,Healthcare
DebitCard,70,INR,Vegetable,,10-12-2025 08:02,FALSE,Groceries
IciciAmazon,7000,INR,Tanishq,,10-12-2025 07:42,FALSE,Shopping
Supermoney,800,INR,Nila medicine,,10-12-2025 00:22,FALSE,Healthcare
Supermoney,4166,INR,Lifestyle,,10-12-2025 00:21,FALSE,Shopping
Supermoney,119,INR,Grocery zepto,,10-12-2025 00:21,FALSE,Groceries
Supermoney,32,INR,Reverse,,09-12-2025 08:16,TRUE,Bills & Fees
Supermoney,162,INR,Reliance smart bazar,,09-12-2025 08:15,FALSE,Shopping
Supermoney,147,INR,Reliance smart bazar,,09-12-2025 08:14,FALSE,Shopping
Supermoney,156,INR,Reliance smart bazar,,09-12-2025 08:14,FALSE,Shopping
Supermoney,62,INR,Fruit,,09-12-2025 08:13,FALSE,Groceries
Supermoney,240,INR,Muri,,09-12-2025 08:13,FALSE,Groceries
Supermoney,200,INR,Fish,,09-12-2025 08:13,FALSE,Groceries
Supermoney,580,INR,Abacus,,09-12-2025 08:13,FALSE,Education
IciciAmazon,486,INR,Grocery amazon,,09-12-2025 07:41,FALSE,Groceries
DebitCard,377,INR,Vegetable,,08-12-2025 08:01,FALSE,Groceries
DebitCard,305,INR,Flower,,08-12-2025 07:58,FALSE,Groceries
DebitCard,151,INR,Medicine,,07-12-2025 08:01,FALSE,Healthcare
DebitCard,230,INR,Watch,,06-12-2025 08:00,FALSE,Shopping
DebitCard,385,INR,Petrol,,06-12-2025 08:00,FALSE,Home
IciciAmazon,858,INR,Toys,,05-12-2025 07:38,FALSE,Shopping
IciciAmazon,879,INR,Indane gas,,04-12-2025 07:37,FALSE,Home
DebitCard,94,INR,Petrol,,03-12-2025 08:09,FALSE,Home
DebitCard,310,INR,Fish,,03-12-2025 08:09,FALSE,Groceries
DebitCard,1400,INR,Abacus,,03-12-2025 08:08,FALSE,Education
DebitCard,1000,INR,Arin dance nishant,,03-12-2025 08:08,FALSE,Education
DebitCard,570,INR,Milk,,03-12-2025 08:08,FALSE,Groceries
DebitCard,28,INR,Vegetable,,03-12-2025 08:06,FALSE,Groceries
DebitCard,70,INR,Flower,,03-12-2025 08:06,FALSE,Groceries
DebitCard,60,INR,Nila medicine,,03-12-2025 08:05,FALSE,Healthcare
DebitCard,18,INR,Vegetable,,03-12-2025 07:57,FALSE,Groceries
Supermoney,515,INR,Surajit fashion,,03-12-2025 07:56,FALSE,Shopping
Supermoney,1054,INR,Grocery zepto,,03-12-2025 07:56,FALSE,Groceries
Supermoney,100,INR,Gift,,03-12-2025 07:56,FALSE,Gifts
Supermoney,200,INR,Watch,,03-12-2025 07:55,FALSE,Shopping
Supermoney,125,INR,Mio amore,,03-12-2025 07:55,FALSE,Food
Supermoney,280,INR,Chicken,,03-12-2025 07:54,FALSE,Groceries
Supermoney,178,INR,Reverse,,03-12-2025 07:53,TRUE,Bills & Fees
FlipkartAxis,272,INR,Flipkart grocery,,03-12-2025 07:52,FALSE,Groceries
FlipkartAxis,854,INR,Flipkart,,03-12-2025 07:51,FALSE,Shopping
IciciAmazon,1703,INR,,"Updated Total Balance
IciciAmazon: ₹0",03-12-2025 07:50,TRUE,Balance Correction
TN HDFC,5744,INR,,"Updated Total Balance
TataNue: ₹0",03-12-2025 07:49,TRUE,Balance Correction
Supermoney,143,INR,Reliance smart bazar,,03-12-2025 05:42,FALSE,Shopping
IciciAmazon,493,INR,Grocery amazon,262+231,01-12-2025 07:36,FALSE,Groceries
DebitCard,202,INR,My Medicine,,28-11-2025 09:39,FALSE,Healthcare
Supermoney,1300,INR,FirstCry,,28-11-2025 05:42,FALSE,Shopping
Supermoney,138,INR,Reliance smart bazar,,28-11-2025 05:42,FALSE,Shopping
Supermoney,134,INR,Reliance smart bazar,,28-11-2025 05:41,FALSE,Shopping
Supermoney,143,INR,Chicken,,28-11-2025 05:41,FALSE,Groceries
DebitCard,625,INR,Vegetable,,25-11-2025 08:53,FALSE,Groceries
Supermoney,50,INR,Vegetable,,25-11-2025 08:52,FALSE,Groceries
Supermoney,130,INR,Muri,,25-11-2025 08:51,FALSE,Groceries
Supermoney,170,INR,Fish,,25-11-2025 08:51,FALSE,Groceries
DebitCard,387,INR,Petrol,7738,25-11-2025 07:59,FALSE,Home
Supermoney,120,INR,Coconut,,23-11-2025 20:22,FALSE,Groceries
Supermoney,188,INR,Chicken,,23-11-2025 20:21,FALSE,Groceries
Supermoney,134,INR,Reliance smart bazar,,23-11-2025 20:21,FALSE,Shopping
DebitCard,230,INR,Egg,,22-11-2025 08:07,FALSE,Groceries
Supermoney,205,INR,Grocery zepto,,21-11-2025 10:43,FALSE,Groceries
Supermoney,1550,INR,My Medicine,,21-11-2025 10:42,FALSE,Healthcare
DebitCard,255,INR,Arin Medicine,,18-11-2025 10:49,FALSE,Healthcare
Supermoney,152,INR,Chicken,,18-11-2025 09:35,FALSE,Groceries
Supermoney,26590,INR,,"Updated Total Balance
Supermoney: ₹0",18-11-2025 07:52,TRUE,Balance Correction
Supermoney,117,INR,Reliance smart bazar,,18-11-2025 00:15,FALSE,Shopping
DebitCard,8910,INR,Arin bus,,17-11-2025 17:56,FALSE,Education
Supermoney,557,INR,Reverse,50,17-11-2025 00:13,TRUE,Bills & Fees
Supermoney,149,INR,Mio amore,,16-11-2025 22:12,FALSE,Food
TN HDFC,152,INR,Reliance smart bazar,,15-11-2025 22:58,FALSE,Shopping
DebitCard,421,INR,Nila medicine,,15-11-2025 22:56,FALSE,Healthcare
TN HDFC,250,INR,Mutton,,15-11-2025 09:51,FALSE,Groceries
TN HDFC,70,INR,Muri,,15-11-2025 09:51,FALSE,Groceries
TN HDFC,340,INR,Fish,,15-11-2025 09:51,FALSE,Groceries
FlipkartAxis,335,INR,Swiggy food,,13-11-2025 00:16,FALSE,Food
Supermoney,118,INR,Reliance smart bazar,,13-11-2025 00:15,FALSE,Shopping
Supermoney,184,INR,Chicken,,12-11-2025 22:14,FALSE,Groceries
IciciAmazon,10,INR,Reverse,,11-11-2025 09:46,TRUE,Bills & Fees
IciciAmazon,388,INR,Grocery amazon,,11-11-2025 09:45,FALSE,Groceries
FlipkartAxis,2960,INR,Reverse,416+1124+649+771,11-11-2025 09:26,TRUE,Bills & Fees
FlipkartAxis,2267,INR,Reverse,1384+210+125+155+82+155+156,11-11-2025 09:26,TRUE,Bills & Fees
Supermoney,18,INR,Reverse,,11-11-2025 09:13,TRUE,Bills & Fees
DebitCard,133,INR,Nila medicine,,11-11-2025 09:12,FALSE,Healthcare
DebitCard,50,INR,Flower,,11-11-2025 09:12,FALSE,Groceries
DebitCard,120,INR,Vegetable,,11-11-2025 09:11,FALSE,Groceries
DebitCard,60,INR,Haircut,,11-11-2025 09:11,FALSE,Home
DebitCard,63,INR,Hungerbox,,11-11-2025 09:11,FALSE,Food
Supermoney,196,INR,Grocery zepto,,11-11-2025 09:09,FALSE,Groceries
FlipkartAxis,1249,INR,Flipkart,,10-11-2025 00:16,FALSE,Shopping
Supermoney,242,INR,Chicken,,09-11-2025 21:38,FALSE,Groceries
Supermoney,185,INR,Reliance smart bazar,,09-11-2025 21:30,FALSE,Shopping
Supermoney,160,INR,Nilanjana beauty,,09-11-2025 09:39,FALSE,Beauty
DebitCard,204,INR,My Medicine,,09-11-2025 09:39,FALSE,Healthcare
Supermoney,120,INR,Coconut,,09-11-2025 09:39,FALSE,Groceries
Supermoney,156,INR,Grocery zepto,,09-11-2025 09:38,FALSE,Groceries
DebitCard,378,INR,Petrol,7562,07-11-2025 07:49,FALSE,Home
Supermoney,176,INR,Reliance smart bazar,,06-11-2025 07:54,FALSE,Shopping
Supermoney,120,INR,Coconut,,06-11-2025 07:54,FALSE,Groceries
IciciAmazon,604,INR,Bowl gift,,05-11-2025 08:00,FALSE,Shopping
IciciAmazon,721,INR,Amazon,,05-11-2025 07:59,FALSE,Shopping
Supermoney,135,INR,Reliance smart bazar,,05-11-2025 07:55,FALSE,Shopping
Supermoney,99,INR,My Medicine,,05-11-2025 07:55,FALSE,Healthcare
TN HDFC,129,INR,Zomato,,05-11-2025 07:54,FALSE,Food
TN HDFC,7000,INR,Tanishq,,05-11-2025 07:54,FALSE,Shopping
DebitCard,90,INR,Milk,,04-11-2025 09:17,FALSE,Groceries
DebitCard,673,INR,Vegetable,613+19+40,04-11-2025 09:07,FALSE,Groceries
DebitCard,1200,INR,Toilet,,04-11-2025 08:39,FALSE,Home
Supermoney,150,INR,Muri,,04-11-2025 08:39,FALSE,Groceries
Supermoney,460,INR,Fish,,04-11-2025 08:38,FALSE,Groceries
DebitCard,220,INR,Egg,,02-11-2025 19:10,FALSE,Groceries
Supermoney,342,INR,Reliance smart bazar,,02-11-2025 19:09,FALSE,Shopping
Supermoney,139,INR,Arin Medicine,,02-11-2025 19:09,FALSE,Healthcare
IciciSapphiro,271,INR,BookMyShow,,02-11-2025 08:09,FALSE,Entertainment
TN HDFC,23,INR,Adjust,,02-11-2025 08:03,FALSE,Bills & Fees
Supermoney,160,INR,Chicken,,01-11-2025 14:05,FALSE,Groceries
Supermoney,448,INR,Mobile recharge,,01-11-2025 14:04,FALSE,Shopping
DebitCard,1400,INR,Abacus,,01-11-2025 09:08,FALSE,Education
DebitCard,1000,INR,Arin dance nishant,,01-11-2025 09:08,FALSE,Education
Supermoney,1264,INR,Reliance smart bazar,185+185+155+234+156+168+176,31-10-2025 21:45,FALSE,Shopping
Supermoney,1923,INR,Reverse,551+631+188+71+71+37+189+185,31-10-2025 21:44,TRUE,Bills & Fees
Supermoney,36169,INR,,"Updated Total Balance
Supermoney: ₹0",31-10-2025 14:05,TRUE,Balance Correction
Supermoney,7000,INR,Tanishq,,31-10-2025 14:04,FALSE,Shopping
DebitCard,45000,INR,Laptop,,31-10-2025 13:06,FALSE,Shopping
DebitCard,79604,INR,,"Updated Total Balance
DebitCard: ₹0",31-10-2025 10:55,TRUE,Balance Correction
IciciAmazon,11593,INR,Amazon,,31-10-2025 08:21,FALSE,Shopping
IciciAmazon,8728,INR,Reverse,,31-10-2025 08:18,TRUE,Bills & Fees
IciciAmazon,3756,INR,,"Updated Total Balance
IciciAmazon: ₹0",31-10-2025 06:54,TRUE,Balance Correction
FlipkartAxis,883,INR,Flipkart,,30-10-2025 09:42,FALSE,Shopping
TN HDFC,552,INR,Zomato,,26-10-2025 22:07,FALSE,Food
Supermoney,650,INR,Mutton,,26-10-2025 14:03,FALSE,Groceries
Supermoney,1190,INR,Fish,,26-10-2025 14:03,FALSE,Groceries
Supermoney,170,INR,Muri,,26-10-2025 14:01,FALSE,Groceries
DebitCard,307,INR,Vegetable,,26-10-2025 13:05,FALSE,Groceries
Supermoney,537,INR,Chicken,,26-10-2025 13:05,FALSE,Groceries
DebitCard,284,INR,Sweet,,26-10-2025 13:04,FALSE,Groceries
TN HDFC,196,INR,Zomato,,25-10-2025 22:07,FALSE,Food
Supermoney,3420,INR,Apsara cloth,,25-10-2025 13:59,FALSE,Education
Supermoney,94,INR,Cake,,25-10-2025 13:58,FALSE,Food
Supermoney,468,INR,Swiggy Instamart,,25-10-2025 13:57,FALSE,Groceries
Supermoney,280,INR,Swiggy Instamart,,23-10-2025 13:57,FALSE,Groceries
DebitCard,300,INR,Sweet,,21-10-2025 13:04,FALSE,Groceries
Supermoney,470,INR,Fruit,,20-10-2025 13:28,FALSE,Groceries
DebitCard,5000,INR,Sip,,19-10-2025 13:02,FALSE,Investment
Supermoney,3214,INR,Lifestyle,,18-10-2025 21:46,FALSE,Shopping
Supermoney,1249,INR,Lifestyle,,18-10-2025 21:46,FALSE,Shopping
Supermoney,200,INR,Fruit,,18-10-2025 13:28,FALSE,Groceries
Supermoney,430,INR,Food,,18-10-2025 13:27,FALSE,Food
DebitCard,100,INR,Travel,,18-10-2025 08:41,FALSE,Travel
Supermoney,115,INR,Grocery,,17-10-2025 13:27,FALSE,Groceries
Supermoney,2777,INR,Lifestyle,,16-10-2025 21:46,FALSE,Shopping
TN HDFC,139,INR,Zomato,,15-10-2025 22:07,FALSE,Food
FlipkartAxis,27838,INR,Reverse,1018+584+1264+1385+1249+522+1022+530+769+768+615+795+775+930+795+480+480+847+162+2531+761+159+166+649+772+649+604+446+886+273+438+273+273+355+622+639+462+749+649+492,15-10-2025 21:01,TRUE,Bills & Fees
FlipkartAxis,30765,INR,,,15-10-2025 15:46,TRUE,Balance Correction
FlipkartAxis,423,INR,Flipkart,,15-10-2025 15:36,FALSE,Shopping
FlipkartAxis,1147,INR,Myntra,,14-10-2025 15:43,FALSE,Shopping
Supermoney,358,INR,Petrol,,14-10-2025 13:16,FALSE,Home
Supermoney,492,INR,Travel,,14-10-2025 13:15,FALSE,Travel
Supermoney,192,INR,Chicken,,14-10-2025 13:04,FALSE,Groceries
Supermoney,125,INR,Chicken,,14-10-2025 13:04,FALSE,Groceries
Supermoney,1338,INR,Lifestyle,,14-10-2025 13:02,FALSE,Shopping
Supermoney,1583,INR,Lifestyle,,14-10-2025 13:02,FALSE,Shopping
DebitCard,200,INR,Egg,,14-10-2025 13:00,FALSE,Groceries
TN HDFC,900,INR,Reverse,,13-10-2025 22:26,TRUE,Bills & Fees
TN HDFC,4816,INR,Amazon,,13-10-2025 22:25,FALSE,Shopping
Supermoney,2486,INR,Reliance smart bazar,,13-10-2025 13:15,FALSE,Shopping
DebitCard,1099,INR,Amazon,,13-10-2025 13:01,FALSE,Shopping
DebitCard,1400,INR,Fish,,13-10-2025 12:59,FALSE,Groceries
DebitCard,1000,INR,Internet,,13-10-2025 12:58,FALSE,Home
DebitCard,4678,INR,Travel,,13-10-2025 12:58,FALSE,Travel
DebitCard,500,INR,Arin doctor,,13-10-2025 12:57,FALSE,Healthcare
DebitCard,161,INR,Reliance smart bazar,,13-10-2025 12:57,FALSE,Shopping
FlipkartAxis,1137,INR,Flipkart,,12-10-2025 15:36,FALSE,Shopping
FlipkartAxis,263,INR,Flipkart,,11-10-2025 15:36,FALSE,Shopping
Supermoney,250,INR,Swiggy food,,11-10-2025 13:14,FALSE,Food
Supermoney,2214,INR,Lifestyle,,11-10-2025 13:02,FALSE,Shopping
Supermoney,155,INR,Muri,,10-10-2025 13:06,FALSE,Groceries
Supermoney,500,INR,Nilanjana beauty,,10-10-2025 13:05,FALSE,Beauty
DebitCard,310,INR,Fish,,10-10-2025 12:56,FALSE,Groceries
Supermoney,5417,INR,Amazon,,09-10-2025 13:06,FALSE,Shopping
Supermoney,2000,INR,Nilanjana beauty,,09-10-2025 13:05,FALSE,Beauty
Supermoney,110,INR,Chicken,,07-10-2025 13:04,FALSE,Groceries
Supermoney,213,INR,Grocery blinkit,,07-10-2025 13:04,FALSE,Groceries
FlipkartAxis,1092,INR,Flipkart,,06-10-2025 15:36,FALSE,Shopping
Supermoney,1471,INR,Travel,,06-10-2025 13:03,FALSE,Travel
Supermoney,1162,INR,Lifestyle,,06-10-2025 13:02,FALSE,Shopping
FlipkartAxis,940,INR,Myntra,,05-10-2025 15:33,FALSE,Shopping
FlipkartAxis,624,INR,Myntra,,04-10-2025 15:33,FALSE,Shopping
Supermoney,2457,INR,Lifestyle,,04-10-2025 14:43,FALSE,Shopping
DebitCard,16000,INR,Arin school,,03-10-2025 12:06,FALSE,Education
DebitCard,1400,INR,Abacus,,03-10-2025 09:08,FALSE,Education
DebitCard,1000,INR,Arin dance nishant,,03-10-2025 09:08,FALSE,Education
DebitCard,780,INR,Milk,,03-10-2025 09:08,FALSE,Groceries
IciciAmazon,242,INR,Grocery amazon,,03-10-2025 06:23,FALSE,Groceries
IciciAmazon,398,INR,Grocery amazon,,03-10-2025 06:23,FALSE,Groceries
IciciAmazon,251,INR,Grocery amazon,,03-10-2025 06:23,FALSE,Groceries
DebitCard,185,INR,Egg,,02-10-2025 08:38,FALSE,Groceries
FlipkartAxis,2719,INR,Myntra,,01-10-2025 15:35,FALSE,Shopping
FlipkartAxis,2070,INR,Myntra,,01-10-2025 15:33,FALSE,Shopping
DebitCard,98,INR,Flower,,01-10-2025 08:43,FALSE,Groceries
TN HDFC,20599,INR,,,30-09-2025 22:21,TRUE,Balance Correction
TN HDFC,7000,INR,Tanishq,,30-09-2025 22:05,FALSE,Shopping
Supermoney,560,INR,Home,,30-09-2025 21:46,FALSE,Groceries
Supermoney,3210,INR,Lifestyle,,30-09-2025 21:46,FALSE,Shopping
Supermoney,999,INR,Haircut,,30-09-2025 21:45,FALSE,Home
Supermoney,2788,INR,Reverse,51+36+250+135+135+554+172+134+147+176+28+170+388+412,30-09-2025 21:44,TRUE,Bills & Fees
DebitCard,4440,INR,,"Updated Total Balance
DebitCard: ₹0",30-09-2025 10:55,TRUE,Balance Correction
TN HDFC,1559,INR,Reliance smart bazar,50+162+157+50+185+185+119+182+244+93+130,30-09-2025 10:51,FALSE,Shopping
Supermoney,2451,INR,Reliance smart bazar,237+236+173+176+51+134+147+172+135+135+153+137+163+128+164+110,30-09-2025 07:24,FALSE,Shopping
IciciSapphiro,6004,INR,,"Updated Total Balance
IciciSapphiro: ₹0",30-09-2025 07:01,TRUE,Balance Correction
IciciSapphiro,5595,INR,Reverse,657+496+528+384+501+392+733+458+855+591,30-09-2025 06:56,TRUE,Bills & Fees
IciciAmazon,7631,INR,,"Updated Total Balance
IciciAmazon: ₹0",30-09-2025 06:54,TRUE,Balance Correction
IciciAmazon,703,INR,,,30-09-2025 06:51,FALSE,Shopping
IciciAmazon,849,INR,Prime,,30-09-2025 06:51,FALSE,Shopping
TN HDFC,213,INR,Zomato,,29-09-2025 22:07,FALSE,Food
TN HDFC,305,INR,Zomato,,29-09-2025 22:07,FALSE,Food
FlipkartAxis,1635,INR,Myntra,,29-09-2025 15:32,FALSE,Shopping
FlipkartAxis,7,INR,Flipkart,,29-09-2025 15:12,FALSE,Shopping
FlipkartAxis,226,INR,Swiggy food,,29-09-2025 11:39,FALSE,Food
IciciAmazon,119,INR,Marker,,28-09-2025 16:59,FALSE,Shopping
IciciAmazon,203,INR,Arin sock,,28-09-2025 16:58,FALSE,Shopping
IciciAmazon,2036,INR,Electric,,28-09-2025 16:58,FALSE,Home
IciciAmazon,304,INR,Chopping board,,28-09-2025 16:57,FALSE,Shopping
FlipkartAxis,222,INR,Swiggy food,,28-09-2025 11:39,FALSE,Food
FlipkartAxis,314,INR,Flipkart,,28-09-2025 07:38,FALSE,Shopping
FlipkartAxis,169,INR,Flipkart,,28-09-2025 07:38,FALSE,Shopping
Supermoney,171,INR,Reliance smart bazar,,28-09-2025 07:24,FALSE,Shopping
Supermoney,229,INR,Chicken,,28-09-2025 07:23,FALSE,Groceries
Supermoney,2124,INR,Flipkart,,28-09-2025 07:08,FALSE,Shopping
Supermoney,1769,INR,Nila fashion,,28-09-2025 07:07,FALSE,Shopping
FlipkartAxis,209,INR,Swiggy food,,27-09-2025 07:50,FALSE,Food
FlipkartAxis,3835,INR,Flipkart,,27-09-2025 07:39,FALSE,Shopping
FlipkartAxis,1538,INR,Myntra,,27-09-2025 07:39,FALSE,Shopping
IciciAmazon,350,INR,Grocery amazon,,27-09-2025 06:48,FALSE,Groceries
FlipkartAxis,1731,INR,Myntra,,26-09-2025 19:36,FALSE,Shopping
FlipkartAxis,169,INR,Flipkart,,26-09-2025 07:38,FALSE,Shopping
FlipkartAxis,286,INR,Swiggy food,,25-09-2025 07:37,FALSE,Food
FlipkartAxis,2532,INR,Flipkart,,25-09-2025 07:36,FALSE,Shopping
IciciAmazon,1409,INR,Kitchen,,25-09-2025 06:42,FALSE,Shopping
Supermoney,27,INR,Tea,,24-09-2025 21:53,FALSE,Food
Supermoney,180,INR,Chicken,,24-09-2025 21:53,FALSE,Groceries
Supermoney,1930,INR,Flipkart,,24-09-2025 21:52,FALSE,Shopping
Supermoney,3679,INR,Flipkart grocery,,24-09-2025 21:52,FALSE,Groceries
Supermoney,1024,INR,FirstCry,,24-09-2025 21:51,FALSE,Shopping
FlipkartAxis,1644,INR,Myntra,,24-09-2025 19:36,FALSE,Shopping
FlipkartAxis,2299,INR,Flipkart,,24-09-2025 07:40,FALSE,Shopping
FlipkartAxis,166,INR,Flipkart,,24-09-2025 07:36,FALSE,Shopping
FlipkartAxis,1206,INR,Flipkart,,23-09-2025 19:34,FALSE,Shopping
FlipkartAxis,2500,INR,Myntra,,23-09-2025 07:34,FALSE,Shopping
FlipkartAxis,1159,INR,Myntra,,23-09-2025 07:34,FALSE,Shopping
FlipkartAxis,1962,INR,Myntra,,23-09-2025 07:32,FALSE,Shopping
FlipkartAxis,7,INR,Flipkart,,22-09-2025 07:30,FALSE,Shopping
FlipkartAxis,919,INR,Myntra,,21-09-2025 11:30,FALSE,Shopping
FlipkartAxis,2151,INR,Myntra,,21-09-2025 07:30,FALSE,Shopping
FlipkartAxis,1356,INR,Myntra,,21-09-2025 07:30,FALSE,Shopping
FlipkartAxis,780,INR,Myntra,,21-09-2025 07:01,FALSE,Shopping
FlipkartAxis,1285,INR,Myntra,,20-09-2025 22:15,FALSE,Shopping
FlipkartAxis,1709,INR,Myntra,,20-09-2025 22:05,FALSE,Shopping
FlipkartAxis,1703,INR,Myntra,,20-09-2025 22:00,FALSE,Shopping
FlipkartAxis,1249,INR,Myntra,,20-09-2025 16:59,FALSE,Shopping
FlipkartAxis,1264,INR,Myntra,,20-09-2025 16:52,FALSE,Shopping
FlipkartAxis,1086,INR,Myntra,,20-09-2025 09:59,FALSE,Shopping
TN HDFC,288,INR,Chicken,,19-09-2025 11:44,FALSE,Groceries
TN HDFC,594,INR,Toys,,19-09-2025 11:40,FALSE,Shopping
TN HDFC,1055,INR,Reverse,305+90+10+84+119+185+50+50+162,19-09-2025 07:24,TRUE,Bills & Fees
IciciSapphiro,8328,INR,,,18-09-2025 06:56,FALSE,Shopping
FlipkartAxis,1018,INR,Myntra,,17-09-2025 16:52,FALSE,Shopping
TN HDFC,216,INR,Swiggy food,,17-09-2025 07:23,FALSE,Food
IciciAmazon,1333,INR,Lic,,16-09-2025 19:48,FALSE,Bills & Fees
IciciAmazon,325,INR,Walnut,,16-09-2025 19:48,FALSE,Groceries
DebitCard,54,INR,Muri,,16-09-2025 11:11,FALSE,Groceries
TN HDFC,411,INR,Petrol,6252,16-09-2025 11:02,FALSE,Home
TN HDFC,60,INR,Vegetable,,16-09-2025 11:02,FALSE,Groceries
TN HDFC,87,INR,Fruit,,16-09-2025 11:02,FALSE,Groceries
DebitCard,460,INR,Fish,,16-09-2025 10:58,FALSE,Groceries
TN HDFC,1355,INR,Nila fashion,,16-09-2025 10:54,FALSE,Shopping
IciciSapphiro,2857,INR,,,16-09-2025 06:56,FALSE,Shopping
IciciSapphiro,143,INR,Cinema,,16-09-2025 06:56,FALSE,Shopping
FlipkartAxis,4625,INR,Reverse,772+501+2259+604+386+103,15-09-2025 20:57,TRUE,Bills & Fees
FlipkartAxis,1224,INR,Nila fashion,,14-09-2025 16:52,FALSE,Shopping
DebitCard,400,INR,Chicken,,13-09-2025 11:12,FALSE,Groceries
DebitCard,525,INR,Arin book,,13-09-2025 11:11,FALSE,Education
TN HDFC,423,INR,Zomato,,13-09-2025 10:53,FALSE,Food
FlipkartAxis,985,INR,Sunglass,,12-09-2025 16:51,FALSE,Shopping
FlipkartAxis,985,INR,Sunglass,,12-09-2025 16:51,FALSE,Shopping
DebitCard,121,INR,Vegetable,,12-09-2025 10:58,FALSE,Groceries
DebitCard,314,INR,Vegetable,,10-09-2025 11:12,FALSE,Groceries
TN HDFC,190,INR,My Medicine,,10-09-2025 10:51,FALSE,Healthcare
DebitCard,162,INR,Chicken,,09-09-2025 11:12,FALSE,Groceries
DebitCard,1097,INR,Nila fashion,,09-09-2025 11:08,FALSE,Shopping
TN HDFC,199,INR,Nila fashion,,07-09-2025 10:50,FALSE,Shopping
TN HDFC,362,INR,Swiggy Instamart,,07-09-2025 10:50,FALSE,Groceries
DebitCard,330,INR,Fish,,06-09-2025 10:57,FALSE,Groceries
DebitCard,80,INR,Sweet,,06-09-2025 10:57,FALSE,Groceries
TN HDFC,150,INR,Sweet,,06-09-2025 10:49,FALSE,Groceries
TN HDFC,400,INR,Cake,,05-09-2025 10:47,FALSE,Food
TN HDFC,231,INR,Swiggy Instamart,,05-09-2025 10:45,FALSE,Groceries
TN HDFC,448,INR,Nila Recharge,,04-09-2025 10:48,FALSE,Bills & Fees
DebitCard,897,INR,Nila fashion,,03-09-2025 10:56,FALSE,Shopping
TN HDFC,164,INR,Chicken,,03-09-2025 10:44,FALSE,Groceries
FlipkartAxis,1428,INR,Nila fashion,,02-09-2025 16:55,FALSE,Shopping
DebitCard,1000,INR,Arin dance nishant,,01-09-2025 09:28,FALSE,Education
Hdfc Pixel,19411,INR,,"Updated Total Balance
Hdfc Pixel: ₹0",31-08-2025 20:01,TRUE,Balance Correction
DebitCard,27361,INR,,"Updated Total Balance
DebitCard: ₹0",31-08-2025 10:55,TRUE,Balance Correction
TN HDFC,172567,INR,,,31-08-2025 10:44,TRUE,Balance Correction
Hdfc Pixel,120,INR,Grocery zepto,,30-08-2025 19:59,FALSE,Groceries
Hdfc Pixel,339,INR,Petrol,,30-08-2025 19:59,FALSE,Home
FlipkartAxis,424,INR,Cake,,30-08-2025 16:57,FALSE,Food
Hdfc Pixel,103,INR,Reliance smart bazar,,30-08-2025 08:51,FALSE,Shopping
Hdfc Pixel,172,INR,Grocery zepto,,29-08-2025 19:57,FALSE,Groceries
Hdfc Pixel,609,INR,Chicken,,29-08-2025 19:57,FALSE,Groceries
Hdfc Pixel,300,INR,Fish,,29-08-2025 19:55,FALSE,Groceries
FlipkartAxis,119,INR,Swiggy food,,29-08-2025 18:11,FALSE,Food
FlipkartAxis,322,INR,Swiggy food,,29-08-2025 16:58,FALSE,Food
TN HDFC,157,INR,Zomato,,29-08-2025 08:35,FALSE,Food
TN HDFC,699,INR,Reverse,,29-08-2025 08:34,TRUE,Bills & Fees
TN HDFC,1820,INR,Flipkart grocery,,29-08-2025 08:33,FALSE,Groceries
IciciAmazon,4165,INR,,"Updated Total Balance
IciciAmazon: ₹0",29-08-2025 08:32,TRUE,Balance Correction
Hdfc Pixel,180,INR,Vegetable,,28-08-2025 19:58,FALSE,Groceries
Hdfc Pixel,150,INR,Flower,,28-08-2025 19:56,FALSE,Groceries
Hdfc Pixel,160,INR,Vegetable,,28-08-2025 19:55,FALSE,Groceries
Hdfc Pixel,510,INR,Plate,,28-08-2025 19:53,FALSE,Groceries
Hdfc Pixel,64,INR,Reliance smart bazar,,28-08-2025 08:51,FALSE,Shopping
FlipkartAxis,1105,INR,Flipkart,,27-08-2025 16:19,FALSE,Shopping
DebitCard,200,INR,Hungerbox,,26-08-2025 21:15,FALSE,Food
DebitCard,152,INR,Grocery zepto,,26-08-2025 21:12,FALSE,Groceries
DebitCard,50,INR,Vegetable,,26-08-2025 21:11,FALSE,Groceries
DebitCard,897,INR,Nila fashion,,26-08-2025 21:09,FALSE,Shopping
Hdfc Pixel,120,INR,Coconut,,26-08-2025 21:06,FALSE,Groceries
Hdfc Pixel,136,INR,Chicken,,26-08-2025 08:53,FALSE,Groceries
Hdfc Pixel,20,INR,Reliance smart bazar,,26-08-2025 08:51,FALSE,Shopping
Hdfc Pixel,305,INR,Reliance smart bazar,,26-08-2025 08:51,FALSE,Shopping
Hdfc Pixel,146.5,INR,Reliance smart bazar,,26-08-2025 08:51,FALSE,Shopping
Hdfc Pixel,223.5,INR,Reliance smart bazar,,26-08-2025 08:51,FALSE,Shopping
FlipkartAxis,2288,INR,Myntra,,20-08-2025 16:18,FALSE,Shopping
DebitCard,157,INR,Zomato,,20-08-2025 09:41,FALSE,Food
DebitCard,500,INR,Etc,,20-08-2025 09:39,FALSE,Home
DebitCard,117,INR,Hungerbox,,20-08-2025 09:38,FALSE,Food
DebitCard,180,INR,Egg,,20-08-2025 09:38,FALSE,Groceries
DebitCard,450,INR,Sof,,19-08-2025 20:23,FALSE,Education
DebitCard,190,INR,Travel apj,,19-08-2025 20:23,FALSE,Travel
DebitCard,300,INR,Fish,,19-08-2025 20:23,FALSE,Groceries
DebitCard,50,INR,Vegetable,,19-08-2025 20:22,FALSE,Groceries
DebitCard,520,INR,Vegetable,,19-08-2025 20:22,FALSE,Groceries
IciciAmazon,53,INR,Reverse,,19-08-2025 20:20,TRUE,Bills & Fees
FlipkartAxis,4241,INR,Flipkart gift,,19-08-2025 20:18,FALSE,Shopping
FlipkartAxis,1781,INR,Flipkart gift,,19-08-2025 20:18,FALSE,Shopping
Hdfc Pixel,69,INR,Decathlon,,19-08-2025 20:15,FALSE,Groceries
Hdfc Pixel,190,INR,Muri,,19-08-2025 20:10,FALSE,Groceries
Hdfc Pixel,193,INR,Chicken,,19-08-2025 08:53,FALSE,Groceries
Hdfc Pixel,405,INR,Reliance smart bazar,,17-08-2025 08:51,FALSE,Shopping
Hdfc Pixel,479,INR,Reverse,FirstCry ,16-08-2025 09:07,TRUE,Bills & Fees
DebitCard,358,INR,Petrol,,16-08-2025 07:54,FALSE,Home
FlipkartAxis,2779,INR,,,15-08-2025 16:45,TRUE,Balance Correction
DebitCard,156,INR,Saree,,15-08-2025 09:50,FALSE,Shopping
DebitCard,200,INR,Flower,,15-08-2025 09:40,FALSE,Groceries
DebitCard,143,INR,Travel apj,,15-08-2025 09:38,FALSE,Travel
DebitCard,149,INR,Travel apj,,15-08-2025 09:38,FALSE,Travel
DebitCard,684,INR,Reliance smart bazar,,15-08-2025 00:06,FALSE,Shopping
DebitCard,119,INR,Reliance smart bazar,,15-08-2025 00:06,FALSE,Shopping
DebitCard,475,INR,My Medicine,,15-08-2025 00:05,FALSE,Healthcare
DebitCard,442,INR,Arin Medicine,,15-08-2025 00:05,FALSE,Healthcare
DebitCard,1100,INR,Ansar,,15-08-2025 00:05,FALSE,Home
DebitCard,8910,INR,Arin bus,,15-08-2025 00:04,FALSE,Education
Hdfc Pixel,121,INR,Grocery zepto,,15-08-2025 00:00,FALSE,Groceries
Hdfc Pixel,448,INR,Mobile recharge,,14-08-2025 23:59,FALSE,Shopping
IciciAmazon,327,INR,Grocery amazon,,14-08-2025 23:56,FALSE,Groceries
IciciAmazon,879,INR,Indane gas,,14-08-2025 23:55,FALSE,Home
Hdfc Pixel,203,INR,Reliance smart bazar,,14-08-2025 08:51,FALSE,Shopping
FlipkartAxis,57,INR,Cashback,,10-08-2025 20:05,TRUE,Bills & Fees
Hdfc Pixel,122,INR,Grocery zepto,,09-08-2025 10:45,FALSE,Groceries
IciciAmazon,2437,INR,Code handbag,,09-08-2025 09:19,FALSE,Shopping
FlipkartAxis,1661,INR,Arin fashion,,09-08-2025 09:17,FALSE,Shopping
DebitCard,100,INR,Jio data,,09-08-2025 09:09,FALSE,Shopping
DebitCard,7000,INR,Tanishq,,09-08-2025 09:09,FALSE,Shopping
DebitCard,277,INR,Sweet,,09-08-2025 09:09,FALSE,Groceries
Hdfc Pixel,97,INR,Reverse,Reliance smart ,09-08-2025 09:07,TRUE,Bills & Fees
Hdfc Pixel,258,INR,Reliance smart bazar,,09-08-2025 08:51,FALSE,Shopping
Hdfc Pixel,590,INR,Fish,,09-08-2025 08:51,FALSE,Groceries
Hdfc Pixel,40,INR,Muri,,09-08-2025 08:51,FALSE,Groceries
TN HDFC,277,INR,Chicken,,09-08-2025 08:48,FALSE,Groceries
TN HDFC,325,INR,Reliance smart bazar,,09-08-2025 08:48,FALSE,Shopping
TN HDFC,633,INR,Reverse,My belt,09-08-2025 08:47,TRUE,Bills & Fees
TN HDFC,1847,INR,Surajit fashion,,09-08-2025 08:47,FALSE,Shopping
Hdfc Pixel,215,INR,Swiggy Instamart,,07-08-2025 08:51,FALSE,Groceries
Hdfc Pixel,2120,INR,Internet,,06-08-2025 08:52,FALSE,Home
Hdfc Pixel,1803,INR,FirstCry,,06-08-2025 08:52,FALSE,Shopping
Hdfc Pixel,270,INR,Chicken,,05-08-2025 08:53,FALSE,Groceries
Hdfc Pixel,228,INR,Swiggy Instamart,,04-08-2025 08:53,FALSE,Groceries
TN HDFC,169473,INR,Tanishq,,03-08-2025 22:07,FALSE,Shopping
Hdfc Pixel,1298,INR,Joyti fashion,,03-08-2025 08:49,FALSE,Shopping
IciciAmazon,575,INR,Arin book,,03-08-2025 07:56,FALSE,Education
TN HDFC,186,INR,Travel Karunamoyee,,02-08-2025 13:27,FALSE,Travel
TN HDFC,149,INR,Travel Karunamoyee,,02-08-2025 13:27,FALSE,Travel
DebitCard,185,INR,Egg,,02-08-2025 09:48,FALSE,Groceries
DebitCard,1400,INR,Abacus,,02-08-2025 09:28,FALSE,Education
DebitCard,1000,INR,Arin dance nishant,,02-08-2025 09:28,FALSE,Education
DebitCard,900,INR,Milk,,02-08-2025 09:28,FALSE,Groceries
Hdfc Pixel,7756,INR,Arin brithday,,02-08-2025 07:57,FALSE,Food
TN HDFC,173977,INR,,,31-07-2025 10:44,TRUE,Balance Correction
DebitCard,81339,INR,,"Updated Total Balance
DebitCard: ₹0",31-07-2025 09:28,TRUE,Balance Correction
DebitCard,250,INR,MF contribution,,30-07-2025 09:27,FALSE,Home
DebitCard,1040,INR,Fish,,30-07-2025 08:04,FALSE,Groceries
IciciAmazon,2830,INR,,"Updated Total Balance
IciciAmazon: ₹0",29-07-2025 08:02,TRUE,Balance Correction
TN HDFC,305,INR,Petrol,,29-07-2025 07:54,FALSE,Home
FlipkartAxis,606,INR,Swiggy Instamart,,27-07-2025 19:44,FALSE,Groceries
FlipkartAxis,569,INR,Swiggy Instamart,,27-07-2025 19:44,FALSE,Groceries
TN HDFC,500,INR,Mio amore,,27-07-2025 09:51,FALSE,Food
TN HDFC,175,INR,Chicken,,27-07-2025 09:26,FALSE,Groceries
DebitCard,80,INR,Arin haircut,,26-07-2025 10:09,FALSE,Home
DebitCard,260,INR,Vegetable,,26-07-2025 10:09,FALSE,Groceries
DebitCard,432,INR,Icecream,,26-07-2025 10:07,FALSE,Food
DebitCard,708,INR,Vegetable,,26-07-2025 10:07,FALSE,Groceries
DebitCard,2973,INR,Maintenance,,26-07-2025 10:06,FALSE,Home
DebitCard,317,INR,Biriyani,,26-07-2025 10:03,FALSE,Food
DebitCard,2440,INR,Fish,,26-07-2025 10:01,FALSE,Groceries
DebitCard,620,INR,Fish,,26-07-2025 10:01,FALSE,Groceries
DebitCard,530,INR,Fish,,26-07-2025 10:01,FALSE,Groceries
TN HDFC,66,INR,Refund,,26-07-2025 10:00,TRUE,Balance Correction
TN HDFC,576,INR,Mio amore,,26-07-2025 09:51,FALSE,Food
TN HDFC,110,INR,Muri,,26-07-2025 09:46,FALSE,Groceries
TN HDFC,120,INR,Fruit,,26-07-2025 09:46,FALSE,Groceries
TN HDFC,140,INR,Vegetable,,26-07-2025 09:46,FALSE,Groceries
TN HDFC,690,INR,Reliance smart bazar,,26-07-2025 09:45,FALSE,Shopping
TN HDFC,362,INR,Reliance smart bazar,,26-07-2025 09:45,FALSE,Shopping
TN HDFC,206,INR,Reliance smart bazar,,26-07-2025 09:45,FALSE,Shopping
TN HDFC,750,INR,Mutton,,26-07-2025 09:45,FALSE,Groceries
TN HDFC,113,INR,Chicken,,26-07-2025 09:26,FALSE,Groceries
Kotak,2056,INR,,"Updated Total Balance
Myntra Kotak: ₹0",25-07-2025 16:43,TRUE,Balance Correction
TN HDFC,187,INR,My Medicine,,23-07-2025 09:58,FALSE,Healthcare
TN HDFC,2760,INR,Reliance smart bazar,,19-07-2025 19:45,FALSE,Shopping
TN HDFC,101,INR,Reliance smart bazar,,19-07-2025 09:26,FALSE,Shopping
TN HDFC,110,INR,Chicken,,19-07-2025 09:26,FALSE,Groceries
DebitCard,190,INR,Egg,,19-07-2025 09:24,FALSE,Groceries
FlipkartAxis,643,INR,Reverse,,17-07-2025 20:05,TRUE,Bills & Fees
DebitCard,100,INR,Flower,,16-07-2025 22:22,FALSE,Groceries
TN HDFC,114,INR,Chicken,,16-07-2025 22:21,FALSE,Groceries
DebitCard,93,INR,Vegetable,,16-07-2025 22:21,FALSE,Groceries
TN HDFC,155,INR,Fruit,,16-07-2025 22:20,FALSE,Groceries
TN HDFC,155,INR,Muri,,16-07-2025 22:20,FALSE,Groceries
DebitCard,870,INR,Fish,,16-07-2025 22:20,FALSE,Groceries
FlipkartAxis,260,INR,,,15-07-2025 20:03,TRUE,Balance Correction
DebitCard,200,INR,Flower,,14-07-2025 12:56,FALSE,Groceries
TN HDFC,216,INR,Vegetable,,14-07-2025 11:07,FALSE,Groceries
Kotak,475,INR,Lakeme,,13-07-2025 22:21,FALSE,Shopping
Kotak,1581,INR,Vegetable chopper,,13-07-2025 22:21,FALSE,Shopping
IciciAmazon,574,INR,Shower curtain,,13-07-2025 22:19,FALSE,Shopping
IciciAmazon,500,INR,Lakme,,13-07-2025 22:18,FALSE,Shopping
DebitCard,148,INR,Travel 5mm,,13-07-2025 22:15,FALSE,Travel
DebitCard,200,INR,Spell bee,,13-07-2025 22:14,FALSE,Education
TN HDFC,125,INR,Reliance smart bazar,,13-07-2025 22:13,FALSE,Shopping
DebitCard,100,INR,Vegetable,,13-07-2025 22:12,FALSE,Groceries
TN HDFC,165,INR,Gift,,13-07-2025 22:11,FALSE,Shopping
TN HDFC,300,INR,Plant,,13-07-2025 22:10,FALSE,Shopping
TN HDFC,115,INR,Fruit,,13-07-2025 22:09,FALSE,Groceries
TN HDFC,398,INR,Petrol,,13-07-2025 22:08,FALSE,Home
TN HDFC,106,INR,Chicken,,13-07-2025 22:06,FALSE,Groceries
FlipkartAxis,1154,INR,Flipkart,,13-07-2025 20:02,FALSE,Shopping
IciciAmazon,104,INR,Mouse pad,,09-07-2025 09:14,FALSE,Shopping
IciciAmazon,418,INR,Dryfruit,,09-07-2025 09:14,FALSE,Shopping
TN HDFC,154,INR,Bread,,09-07-2025 07:59,FALSE,Groceries
TN HDFC,203,INR,Chicken,,06-07-2025 17:52,FALSE,Groceries
DebitCard,330,INR,Travel smart bazar,,06-07-2025 10:20,FALSE,Travel
DebitCard,500,INR,Mutton,,06-07-2025 10:20,FALSE,Groceries
DebitCard,60,INR,Luchi,,06-07-2025 10:16,FALSE,Food
TN HDFC,3966,INR,Reliance smart bazar,,06-07-2025 10:14,FALSE,Shopping
TN HDFC,120,INR,Grocery,,06-07-2025 10:14,FALSE,Groceries
TN HDFC,226,INR,Fruit,,06-07-2025 10:13,FALSE,Groceries
DebitCard,355,INR,Vegetable,,05-07-2025 11:01,FALSE,Groceries
DebitCard,205,INR,Egg,,05-07-2025 10:17,FALSE,Groceries
DebitCard,16,INR,Tea,,03-07-2025 22:08,FALSE,Food
DebitCard,95,INR,Dosa,,03-07-2025 22:08,FALSE,Food
DebitCard,253,INR,Vegetable,,03-07-2025 22:08,FALSE,Groceries
TN HDFC,7109,INR,Refund,,03-07-2025 21:46,TRUE,Balance Correction
TN HDFC,167000,INR,Tanishq Necklace,,03-07-2025 21:45,FALSE,Shopping
TN HDFC,70,INR,Sweet,,03-07-2025 21:44,FALSE,Groceries
DebitCard,16000,INR,Arin school,,03-07-2025 05:41,FALSE,Education
DebitCard,724,INR,My Medicine,,02-07-2025 22:11,FALSE,Healthcare
DebitCard,2626,INR,Flipkart grocery,,02-07-2025 22:11,FALSE,Groceries
DebitCard,8919,INR,Maintenance,,02-07-2025 22:11,FALSE,Home
DebitCard,55,INR,Food,,02-07-2025 22:09,FALSE,Food
IciciAmazon,212,INR,Dryfruit,,02-07-2025 22:08,FALSE,Shopping
IciciAmazon,187,INR,Dryfruit,,02-07-2025 22:08,FALSE,Shopping
IciciAmazon,332,INR,Dryfruit,,02-07-2025 22:08,FALSE,Shopping
IciciAmazon,502,INR,Dryfruit,,02-07-2025 22:08,FALSE,Shopping
TN HDFC,153,INR,Chicken,,02-07-2025 17:52,FALSE,Groceries
TN HDFC,1200,INR,My Medicine,,02-07-2025 17:52,FALSE,Healthcare
TN HDFC,1056,INR,Swiggy Instamart,,02-07-2025 17:51,FALSE,Groceries
TN HDFC,190,INR,Muri,,02-07-2025 17:51,FALSE,Groceries
TN HDFC,34,INR,Fruit,,02-07-2025 17:51,FALSE,Groceries
TN HDFC,700,INR,Fish,,02-07-2025 17:51,FALSE,Groceries
DebitCard,1000,INR,Arin dance nishant,,01-07-2025 23:11,FALSE,Education
DebitCard,900,INR,Milk,,01-07-2025 23:05,FALSE,Groceries
DebitCard,2200,INR,Somadi,,01-07-2025 22:45,FALSE,Home
DebitCard,33450,INR,Emi,,01-07-2025 22:45,FALSE,Home
DebitCard,1400,INR,Abacus,,01-07-2025 22:44,FALSE,Education
DebitCard,700,INR,Arin Drawing,,01-07-2025 18:01,FALSE,Education
DebitCard,62197,INR,,"Updated Total Balance
DebitCard: ₹0",30-06-2025 22:10,TRUE,Balance Correction
IciciAmazon,30934,INR,,"Updated Total Balance
IciciAmazon: ₹0",30-06-2025 22:07,TRUE,Balance Correction
TN HDFC,20889,INR,,"Updated Total Balance
TataNue: ₹0",30-06-2025 21:43,TRUE,Balance Correction
TN HDFC,200,INR,Sweet,,29-06-2025 17:53,FALSE,Groceries
TN HDFC,210,INR,Zomato,,26-06-2025 17:53,FALSE,Food
TN HDFC,115,INR,Fruit,,25-06-2025 10:06,FALSE,Groceries
TN HDFC,190,INR,Grocery zepto,,25-06-2025 10:04,FALSE,Groceries
TN HDFC,191,INR,Chicken,,24-06-2025 23:46,FALSE,Groceries
DebitCard,475,INR,Aquaguard,,23-06-2025 22:29,FALSE,Home
IciciAmazon,2709,INR,Electric,,23-06-2025 22:21,FALSE,Home
TN HDFC,163,INR,Reliance smart bazar,,22-06-2025 22:11,FALSE,Shopping
DebitCard,150,INR,Nila travel,,22-06-2025 18:04,FALSE,Travel
DebitCard,389,INR,Petrol,,22-06-2025 18:04,FALSE,Home
TN HDFC,2210,INR,Reliance smart bazar,,22-06-2025 18:01,FALSE,Shopping
DebitCard,164,INR,Grocery zepto,,21-06-2025 23:04,FALSE,Groceries
Kotak,442,INR,,"Updated Total Balance
Myntra Kotak: ₹0",21-06-2025 15:34,TRUE,Balance Correction
IciciAmazon,879,INR,Indane gas,,20-06-2025 22:06,FALSE,Home
TN HDFC,157,INR,Zomato,,20-06-2025 20:04,FALSE,Food
DebitCard,297,INR,Vegetable,,20-06-2025 08:29,FALSE,Groceries
TN HDFC,1530,INR,Fish,,20-06-2025 08:27,FALSE,Groceries
TN HDFC,210,INR,Fruit,,20-06-2025 08:27,FALSE,Groceries
TN HDFC,200,INR,Chicken,,18-06-2025 22:28,FALSE,Groceries
Kotak,442,INR,Home centre,,16-06-2025 09:18,FALSE,Shopping
TN HDFC,171,INR,Chicken,,15-06-2025 23:37,FALSE,Groceries
DebitCard,334,INR,Vegetable,,15-06-2025 23:33,FALSE,Groceries
TN HDFC,120,INR,Reliance smart bazar,,15-06-2025 23:30,FALSE,Shopping
TN HDFC,90,INR,Reliance smart bazar,150-60,15-06-2025 23:30,FALSE,Shopping
TN HDFC,2949,INR,Nilanjana fashion,,15-06-2025 23:25,FALSE,Shopping
TN HDFC,1464,INR,Home centre,,15-06-2025 23:20,FALSE,Shopping
TN HDFC,470,INR,Fish,,15-06-2025 19:22,FALSE,Groceries
TN HDFC,1958,INR,FirstCry,2146-188,15-06-2025 11:42,FALSE,Shopping
TN HDFC,185,INR,Muri,,15-06-2025 11:41,FALSE,Groceries
TN HDFC,115,INR,Fruit,,15-06-2025 11:41,FALSE,Groceries
TN HDFC,315,INR,Momo,,15-06-2025 11:39,FALSE,Food
DebitCard,525,INR,Abacus,,14-06-2025 23:03,FALSE,Education
DebitCard,168,INR,Grocery zepto,,10-06-2025 23:04,FALSE,Groceries
FlipkartAxis,251,INR,Cashback,,10-06-2025 19:55,TRUE,Bills & Fees
TN HDFC,448,INR,Nila Recharge,,09-06-2025 20:36,FALSE,Shopping
TN HDFC,159,INR,Nila travel,,09-06-2025 20:36,FALSE,Travel
TN HDFC,544,INR,Puja sweet,,09-06-2025 20:35,FALSE,Shopping
TN HDFC,218,INR,Puja milk,,09-06-2025 20:35,FALSE,Shopping
TN HDFC,660,INR,Puja fruit,,09-06-2025 20:34,FALSE,Shopping
TN HDFC,135,INR,Chicken,,09-06-2025 20:32,FALSE,Groceries
DebitCard,3800,INR,Puja food,,08-06-2025 23:08,FALSE,Food
DebitCard,3000,INR,Puja,,06-06-2025 23:41,FALSE,Home
DebitCard,250,INR,Grocery zepto,,06-06-2025 23:04,FALSE,Groceries
TN HDFC,1480,INR,Puja items,,06-06-2025 20:33,FALSE,Shopping
TN HDFC,553,INR,Puja- cachew,,06-06-2025 20:32,FALSE,Shopping
TN HDFC,146,INR,Chicken,,03-06-2025 20:32,FALSE,Groceries
TN HDFC,197,INR,My Medicine,,02-06-2025 20:38,FALSE,Healthcare
Hdfc Pixel,1093,INR,Surajit fashion,,02-06-2025 12:10,FALSE,Shopping
DebitCard,33450,INR,Emi,,01-06-2025 23:30,FALSE,Home
DebitCard,5946,INR,Maintenance,,01-06-2025 23:13,FALSE,Home
DebitCard,1000,INR,Arin dance nishant,,01-06-2025 23:11,FALSE,Education
DebitCard,1320,INR,Abacus,,01-06-2025 23:10,FALSE,Education
DebitCard,8910,INR,Arin bus,,01-06-2025 23:09,FALSE,Education
DebitCard,930,INR,Milk,,01-06-2025 23:05,FALSE,Groceries
DebitCard,389,INR,Petrol,,01-06-2025 18:04,FALSE,Home
DebitCard,700,INR,Arin Drawing,,01-06-2025 18:01,FALSE,Education
IciciAmazon,28708,INR,Centre table,,01-06-2025 05:46,FALSE,Shopping
TN HDFC,11004,INR,,"Updated Total Balance
TataNue: ₹0",31-05-2025 23:46,TRUE,Balance Correction
DebitCard,440,INR,Food,,31-05-2025 23:20,FALSE,Food
DebitCard,574,INR,Vegetable,,31-05-2025 23:13,FALSE,Groceries
DebitCard,500,INR,Mutton,,31-05-2025 23:13,FALSE,Groceries
TN HDFC,560,INR,Sasthi fruit,,31-05-2025 22:35,FALSE,Groceries
TN HDFC,60,INR,Kachuri,,31-05-2025 22:30,FALSE,Food
TN HDFC,100,INR,Sasthi sweet,,31-05-2025 20:40,FALSE,Shopping
TN HDFC,505,INR,Sasthi sweet,,31-05-2025 20:40,FALSE,Shopping
TN HDFC,1240,INR,Sasthi fish,,31-05-2025 20:38,FALSE,Shopping
DebitCard,93117,INR,,"Updated Total Balance
DebitCard: ₹0",31-05-2025 12:20,TRUE,Balance Correction
Hdfc Pixel,8871,INR,,"Updated Total Balance
Hdfc Pixel: ₹0",31-05-2025 12:11,TRUE,Balance Correction
Hdfc Pixel,100,INR,My recharge,,31-05-2025 11:25,FALSE,Home
TN HDFC,177,INR,Grocery zepto,,31-05-2025 09:04,FALSE,Groceries
TN HDFC,710,INR,Home centre,,31-05-2025 08:44,FALSE,Shopping
IciciAmazon,3058,INR,,"Updated Total Balance
IciciAmazon: ₹0",30-05-2025 08:09,TRUE,Balance Correction
IciciSapphiro,4742,INR,,"Updated Total Balance
IciciSapphiro: ₹0",30-05-2025 08:09,TRUE,Balance Correction
IciciAmazon,1091,INR,Sofa cover,,29-05-2025 22:03,FALSE,Shopping
DebitCard,203,INR,Grocery zepto,,28-05-2025 23:16,FALSE,Groceries
TN HDFC,70,INR,Fruit,,25-05-2025 17:55,FALSE,Groceries
TN HDFC,784,INR,Reliance smart bazar,,25-05-2025 17:55,FALSE,Shopping
IciciAmazon,770,INR,Sofa cover,3023-721-763-769,25-05-2025 11:59,FALSE,Shopping
TN HDFC,265,INR,Chicken,,24-05-2025 19:21,FALSE,Groceries
TN HDFC,120,INR,Arin haircut,,24-05-2025 13:59,FALSE,Home
TN HDFC,50,INR,Battery,,24-05-2025 13:59,FALSE,Shopping
TN HDFC,255,INR,Fruit,,24-05-2025 13:59,FALSE,Groceries
TN HDFC,130,INR,Ariin Print out,,24-05-2025 13:58,FALSE,Education
DebitCard,6640,INR,Saree,,23-05-2025 19:46,FALSE,Shopping
Hdfc Pixel,2850,INR,Saree,,23-05-2025 19:45,FALSE,Shopping
Hdfc Pixel,3246,INR,Nilanjana fashion,,23-05-2025 19:43,FALSE,Shopping
IciciAmazon,420,INR,Makhana,,21-05-2025 19:26,FALSE,Groceries
IciciAmazon,56,INR,Razor,,21-05-2025 19:25,FALSE,Shopping
IciciAmazon,303,INR,Nail cutter+comb,,21-05-2025 19:25,FALSE,Shopping
TN HDFC,220,INR,Fish,,21-05-2025 19:22,FALSE,Groceries
TN HDFC,108,INR,Chicken,,21-05-2025 19:21,FALSE,Groceries
DebitCard,240,INR,Grocery zepto,,20-05-2025 23:17,FALSE,Groceries
DebitCard,310,INR,Grocery zepto,,19-05-2025 23:09,FALSE,Groceries
DebitCard,251,INR,Ola,,18-05-2025 23:20,FALSE,Travel
Hdfc Pixel,170,INR,Egg,,17-05-2025 09:23,FALSE,Groceries
DebitCard,482,INR,Grocery zepto,,16-05-2025 23:23,FALSE,Groceries
TN HDFC,189,INR,Chicken,,16-05-2025 10:43,FALSE,Groceries
Hdfc Pixel,80,INR,Burger,,16-05-2025 05:56,FALSE,Food
TN HDFC,35,INR,Phucka,,16-05-2025 05:47,FALSE,Food
FlipkartAxis,4864,INR,,,15-05-2025 14:22,TRUE,Balance Correction
DebitCard,448,INR,My recharge,,15-05-2025 08:14,FALSE,Home
DebitCard,1000,INR,Candel+torch,,14-05-2025 09:21,FALSE,Shopping
FlipkartAxis,502,INR,Cashback,,14-05-2025 09:11,TRUE,Bills & Fees
IciciAmazon,639,INR,Cycle cover,,13-05-2025 10:23,FALSE,Shopping
TN HDFC,197,INR,My Medicine,,13-05-2025 10:11,FALSE,Healthcare
TN HDFC,107,INR,Momo,,13-05-2025 10:09,FALSE,Food
TN HDFC,128,INR,Chicken,,13-05-2025 10:08,FALSE,Groceries
TN HDFC,171,INR,Chicken,,09-05-2025 10:13,FALSE,Groceries
TN HDFC,640,INR,Fish,,08-05-2025 09:19,FALSE,Groceries
TN HDFC,165,INR,Muri,,08-05-2025 09:19,FALSE,Groceries
DebitCard,241,INR,Vegetable,,08-05-2025 09:18,FALSE,Groceries
DebitCard,478,INR,Vegetable,,08-05-2025 09:17,FALSE,Groceries
IciciSapphiro,4742,INR,Curtain,,08-05-2025 09:08,FALSE,Shopping
FlipkartAxis,1122,INR,Flipkart grocery,,08-05-2025 09:04,FALSE,Groceries
FlipkartAxis,787,INR,Flipkart grocery,,08-05-2025 09:04,FALSE,Groceries
IciciAmazon,5843,INR,Reverse,,08-05-2025 08:59,TRUE,Bills & Fees
IciciAmazon,555,INR,Grocery amazon,,08-05-2025 08:53,FALSE,Groceries
IciciAmazon,548,INR,Grocery amazon,,08-05-2025 08:53,FALSE,Groceries
IciciAmazon,568,INR,Grocery amazon,,08-05-2025 08:53,FALSE,Groceries
TN HDFC,480,INR,Biriyani,,06-05-2025 04:55,FALSE,Food
TN HDFC,1776,INR,FirstCry,,06-05-2025 04:55,FALSE,Shopping
TN HDFC,526,INR,Arin clothing,,06-05-2025 04:53,FALSE,Shopping
TN HDFC,126,INR,Reliance smart bazar,,06-05-2025 04:53,FALSE,Shopping
TN HDFC,206,INR,Chicken,,06-05-2025 04:53,FALSE,Groceries
TN HDFC,157,INR,Zomato,,06-05-2025 04:52,FALSE,Food
TN HDFC,300,INR,Fish,,03-05-2025 09:53,FALSE,Groceries
TN HDFC,90,INR,Muri,,03-05-2025 09:52,FALSE,Groceries
TN HDFC,160,INR,Egg,,03-05-2025 09:52,FALSE,Groceries
TN HDFC,83,INR,Chicken,,02-05-2025 18:42,FALSE,Groceries
Hdfc Pixel,1332,INR,My Medicine,,02-05-2025 10:11,FALSE,Healthcare
DebitCard,1320,INR,Abacus,,01-05-2025 18:06,FALSE,Education
DebitCard,1000,INR,Arin dance nishant,,01-05-2025 18:06,FALSE,Education
DebitCard,2973,INR,Maintenance,,01-05-2025 13:03,FALSE,Home
IciciAmazon,1711,INR,Curtain,,01-05-2025 12:03,FALSE,Shopping
IciciAmazon,879,INR,Indane gas,,01-05-2025 12:02,FALSE,Home
DebitCard,37150,INR,Arin school,,01-05-2025 11:17,FALSE,Education
DebitCard,2217,INR,Flipkart grocery,,01-05-2025 11:16,FALSE,Groceries
DebitCard,700,INR,Arin Drawing,,01-05-2025 09:37,FALSE,Education
DebitCard,33450,INR,Emi,,01-05-2025 07:40,FALSE,Home
DebitCard,2500,INR,Somadi,,01-05-2025 07:40,FALSE,Home
DebitCard,66290,INR,,"Updated Total Balance
DebitCard: -₹66,290",30-04-2025 12:04,TRUE,Balance Correction
TN HDFC,7454,INR,,"Updated Total Balance
TataNue: ₹0",30-04-2025 09:52,TRUE,Balance Correction
Kotak,2765,INR,,"Updated Total Balance
Myntra Kotak: ₹0",30-04-2025 09:15,TRUE,Balance Correction
Kotak,590,INR,,,30-04-2025 09:14,FALSE,Bills & Fees
TN HDFC,152,INR,Chicken,,30-04-2025 08:43,FALSE,Groceries
IciciAmazon,933,INR,,"Updated Total Balance
IciciAmazon: ₹0",30-04-2025 08:12,TRUE,Balance Correction
TN HDFC,25,INR,Extra,,29-04-2025 08:45,FALSE,Shopping
TN HDFC,88,INR,Sweet,,29-04-2025 08:41,FALSE,Groceries
TN HDFC,259,INR,Grocery zepto,,29-04-2025 08:41,FALSE,Groceries
TN HDFC,320,INR,Fruit,,29-04-2025 08:41,FALSE,Groceries
FlipkartAxis,373,INR,Swiggy Instamart,,29-04-2025 08:36,FALSE,Groceries
FlipkartAxis,1768,INR,Watch,,29-04-2025 08:35,FALSE,Shopping
Kotak,946,INR,Nilanjana fashion,,28-04-2025 09:13,FALSE,Shopping
DebitCard,212,INR,Swiggy Instamart,,26-04-2025 11:20,FALSE,Groceries
DebitCard,1325,INR,My Medicine,,24-04-2025 11:19,FALSE,Healthcare
DebitCard,490,INR,Vegetable,,23-04-2025 08:36,FALSE,Groceries
TN HDFC,205,INR,Fruit,,23-04-2025 08:36,FALSE,Groceries
TN HDFC,350,INR,Fish,,23-04-2025 08:36,FALSE,Groceries
TN HDFC,253,INR,Chicken,,22-04-2025 08:43,FALSE,Groceries
DebitCard,160,INR,Egg,,22-04-2025 08:06,FALSE,Groceries
DebitCard,90,INR,Fruit,,22-04-2025 08:06,FALSE,Groceries
IciciAmazon,198,INR,Arin sock,,22-04-2025 07:18,FALSE,Shopping
FlipkartAxis,1316,INR,Flipkart grocery,,20-04-2025 19:42,FALSE,Groceries
DebitCard,366,INR,Grocery zepto,,20-04-2025 19:42,FALSE,Groceries
TN HDFC,217,INR,Chicken,,20-04-2025 19:41,FALSE,Groceries
TN HDFC,1076,INR,My Medicine,,20-04-2025 19:41,FALSE,Healthcare
Kotak,530,INR,Curtain,,19-04-2025 09:13,FALSE,Shopping
Kotak,699,INR,Bedcover,,19-04-2025 09:13,FALSE,Shopping
DebitCard,5000,INR,My Medicine,,15-04-2025 23:55,FALSE,Healthcare
DebitCard,1000,INR,My Medicine,,15-04-2025 23:55,FALSE,Healthcare
DebitCard,12810,INR,Anjali gold,,15-04-2025 23:54,FALSE,Shopping
TN HDFC,216,INR,Mio amore,,15-04-2025 23:51,FALSE,Food
TN HDFC,734,INR,Chicken,,15-04-2025 23:48,FALSE,Groceries
FlipkartAxis,10229,INR,,,15-04-2025 08:12,TRUE,Balance Correction
TN HDFC,675,INR,Juice mug spencer,,12-04-2025 07:56,FALSE,Shopping
TN HDFC,156,INR,Chicken,,11-04-2025 10:40,FALSE,Groceries
DebitCard,53,INR,Muri,,11-04-2025 08:31,FALSE,Groceries
DebitCard,313,INR,Vegetable,,11-04-2025 08:31,FALSE,Groceries
TN HDFC,470,INR,Fish,,11-04-2025 08:30,FALSE,Groceries
TN HDFC,25,INR,Fruit,,11-04-2025 08:30,FALSE,Groceries
FlipkartAxis,167,INR,Cashback,,10-04-2025 16:55,TRUE,Bills & Fees
DebitCard,358,INR,Vegetable,,10-04-2025 07:58,FALSE,Groceries
TN HDFC,127,INR,Chicken,,08-04-2025 09:21,FALSE,Groceries
TN HDFC,388,INR,Petrol,,08-04-2025 07:51,FALSE,Home
FlipkartAxis,157,INR,Chicken roll,,07-04-2025 22:32,FALSE,Food
TN HDFC,160,INR,Arin photo,,07-04-2025 22:30,FALSE,Shopping
TN HDFC,20,INR,Icecream,,07-04-2025 22:30,FALSE,Food
DebitCard,252,INR,Blinkit grocery,,07-04-2025 22:30,FALSE,Groceries
DebitCard,200,INR,Flower,,07-04-2025 22:29,FALSE,Groceries
FlipkartAxis,948,INR,Prestige kadai,,05-04-2025 12:42,FALSE,Shopping
FlipkartAxis,2774,INR,Headphone,,05-04-2025 12:41,FALSE,Shopping
TN HDFC,1384,INR,Arin book,,05-04-2025 12:40,FALSE,Education
DebitCard,600,INR,Travel To Panskura,,05-04-2025 07:38,FALSE,Travel
DebitCard,170,INR,Egg,,05-04-2025 07:33,FALSE,Groceries
DebitCard,33,INR,Arin Medicine,,05-04-2025 07:33,FALSE,Healthcare
DebitCard,45,INR,Kachuri,,05-04-2025 07:32,FALSE,Food
DebitCard,43,INR,Milk bread,,04-04-2025 08:33,FALSE,Groceries
TN HDFC,71,INR,Chicken,,04-04-2025 08:33,FALSE,Groceries
DebitCard,100,INR,Chicken,,04-04-2025 08:32,FALSE,Groceries
DebitCard,157,INR,Swiggy roll,,03-04-2025 19:31,FALSE,Food
Hdfc Pixel,523,INR,,"Updated Total Balance
Hdfc Pixel: ₹0",02-04-2025 08:53,TRUE,Balance Correction
DebitCard,2973,INR,Maintenance,,01-04-2025 13:03,FALSE,Home
DebitCard,700,INR,Arin Drawing,,01-04-2025 09:37,FALSE,Education
DebitCard,570,INR,Milk,,01-04-2025 08:04,FALSE,Groceries
DebitCard,33450,INR,Emi,,01-04-2025 07:40,FALSE,Home
DebitCard,2500,INR,Somadi,,01-04-2025 07:40,FALSE,Home
DebitCard,1000,INR,Arin dance nishant,,01-04-2025 07:40,FALSE,Education
DebitCard,1320,INR,Abacus,,01-04-2025 07:40,FALSE,Education
DebitCard,78228,INR,,"Updated Total Balance
DebitCard: ₹0",31-03-2025 08:14,TRUE,Balance Correction
TN HDFC,23412,INR,,"Updated Total Balance
TataNue: ₹0",31-03-2025 08:11,TRUE,Balance Correction
FlipkartAxis,115,INR,Swiggy icecream,,30-03-2025 11:32,FALSE,Food
FlipkartAxis,1771,INR,Flipkart grocery,,30-03-2025 11:31,FALSE,Groceries
TN HDFC,357,INR,Reliance smart bazar,,30-03-2025 11:23,FALSE,Shopping
DebitCard,261,INR,Arin Medicine,,30-03-2025 11:22,FALSE,Healthcare
TN HDFC,415,INR,Fish,,30-03-2025 11:22,FALSE,Groceries
DebitCard,50,INR,Fish,,30-03-2025 11:21,FALSE,Groceries
TN HDFC,120,INR,Snacks,,30-03-2025 11:21,FALSE,Food
TN HDFC,116,INR,Fruit,,30-03-2025 11:20,FALSE,Groceries
DebitCard,262,INR,Vegetable,,30-03-2025 11:20,FALSE,Groceries
TN HDFC,1310,INR,Arin lab test,,30-03-2025 11:20,FALSE,Healthcare
TN HDFC,135,INR,Chicken,,30-03-2025 11:19,FALSE,Groceries
IciciAmazon,5063,INR,,"Updated Total Balance
IciciAmazon: ₹0",29-03-2025 13:35,TRUE,Balance Correction
IciciAmazon,257,INR,Garbage bag,,28-03-2025 22:07,FALSE,Shopping
IciciAmazon,329,INR,Jockey waitstband,,28-03-2025 22:06,FALSE,Shopping
IciciAmazon,149,INR,Bag rain cover,,28-03-2025 08:28,FALSE,Shopping
TN HDFC,4474,INR,Arin book,,27-03-2025 18:11,FALSE,Education
TN HDFC,3150,INR,Apsara cloth,,27-03-2025 18:10,FALSE,Education
DebitCard,200,INR,Flower,,26-03-2025 07:44,FALSE,Groceries
DebitCard,440,INR,Spencer gifts,,26-03-2025 07:44,FALSE,Shopping
DebitCard,299,INR,Arin tennis shoe,,26-03-2025 07:43,FALSE,Shopping
Hdfc Pixel,138,INR,Zepto groceries,,25-03-2025 21:39,FALSE,Groceries
TN HDFC,101,INR,Chicken,,25-03-2025 11:07,FALSE,Groceries
IciciAmazon,359,INR,Cycle cover,,25-03-2025 06:03,FALSE,Shopping
DebitCard,200,INR,Flower,,24-03-2025 13:23,FALSE,Groceries
TN HDFC,7696,INR,Arin cycle,,23-03-2025 21:37,FALSE,Shopping
TN HDFC,2197,INR,Nilanjana fashion,,23-03-2025 21:36,FALSE,Shopping
IciciAmazon,1653,INR,Electric,,23-03-2025 21:36,FALSE,Home
IciciAmazon,889,INR,Arin bus,,22-03-2025 21:50,FALSE,Shopping
DebitCard,542,INR,My Medicine,,22-03-2025 21:48,FALSE,Healthcare
DebitCard,525,INR,Arin sip book,,22-03-2025 21:47,FALSE,Education
FlipkartAxis,849,INR,Arin sock and brief,,22-03-2025 21:43,FALSE,Shopping
DebitCard,180,INR,Egg,,22-03-2025 10:00,FALSE,Groceries
TN HDFC,280,INR,Fruit,,22-03-2025 09:59,FALSE,Groceries
TN HDFC,170,INR,Vegetable,,22-03-2025 09:59,FALSE,Groceries
TN HDFC,430,INR,Fish,,22-03-2025 09:58,FALSE,Groceries
IciciAmazon,829,INR,Indane gas,,22-03-2025 08:38,FALSE,Home
TN HDFC,125,INR,Sweet,,21-03-2025 21:48,FALSE,Groceries
TN HDFC,327,INR,Chicken,,21-03-2025 13:35,FALSE,Groceries
Hdfc Pixel,213,INR,Swiggy Instamart,,21-03-2025 11:07,FALSE,Groceries
Hdfc Pixel,172,INR,Cab,,21-03-2025 08:54,FALSE,Travel
FlipkartAxis,3784,INR,Jbl,,18-03-2025 22:20,FALSE,Shopping
FlipkartAxis,263,INR,Swiggy food,,18-03-2025 19:21,FALSE,Food
DebitCard,400,INR,Petrol,,18-03-2025 12:53,FALSE,Home
DebitCard,165,INR,Fruit,,18-03-2025 09:30,FALSE,Groceries
FlipkartAxis,482,INR,Reverse,,17-03-2025 19:44,TRUE,Bills & Fees
DebitCard,65,INR,Lunch in office,,17-03-2025 08:25,FALSE,Food
FlipkartAxis,217,INR,Vegetable,,16-03-2025 20:32,FALSE,Groceries
DebitCard,1000,INR,,,16-03-2025 18:37,FALSE,Travel
FlipkartAxis,2484,INR,,,15-03-2025 08:19,TRUE,Balance Correction
FlipkartAxis,924,INR,Cashback,,13-03-2025 19:37,TRUE,Bills & Fees
DebitCard,350,INR,,,13-03-2025 11:40,FALSE,Travel
TN HDFC,190,INR,Fruit chowpina,,12-03-2025 18:57,FALSE,Groceries
DebitCard,1085,INR,My Medicine,,12-03-2025 18:57,FALSE,Healthcare
DebitCard,296,INR,Fruit chowpina,,12-03-2025 07:39,FALSE,Groceries
DebitCard,3000,INR,Maintenance,,11-03-2025 21:40,FALSE,Home
FlipkartAxis,640,INR,Flipkart,,11-03-2025 19:38,FALSE,Shopping
DebitCard,1067,INR,Arin trackpants,,09-03-2025 07:52,FALSE,Shopping
FlipkartAxis,167,INR,Icecream,,08-03-2025 18:52,FALSE,Food
DebitCard,1380,INR,Lic,,08-03-2025 06:48,FALSE,Bills & Fees
IciciAmazon,1333,INR,Lic,,08-03-2025 06:45,FALSE,Bills & Fees
DebitCard,15429,INR,Lic,,08-03-2025 06:45,FALSE,Bills & Fees
FlipkartAxis,2059,INR,Flipkart,,07-03-2025 19:38,FALSE,Shopping
TN HDFC,120,INR,Coconut,,07-03-2025 08:48,FALSE,Groceries
DebitCard,238,INR,Vegetable,,07-03-2025 08:48,FALSE,Groceries
TN HDFC,40,INR,Muri,,07-03-2025 08:47,FALSE,Groceries
TN HDFC,210,INR,Fruit,,07-03-2025 08:47,FALSE,Groceries
TN HDFC,390,INR,Fish,,07-03-2025 08:47,FALSE,Groceries
TN HDFC,504,INR,Reliance smart bazar,,06-03-2025 20:50,FALSE,Shopping
DebitCard,185,INR,Egg,,06-03-2025 07:36,FALSE,Groceries
DebitCard,214,INR,Swiggy food,,04-03-2025 19:52,FALSE,Food
TN HDFC,135,INR,Chicken wrap,,04-03-2025 19:51,FALSE,Food
TN HDFC,385,INR,Cake,,04-03-2025 19:51,FALSE,Food
DebitCard,100,INR,Chicken,,04-03-2025 10:53,FALSE,Groceries
TN HDFC,35,INR,Chicken,,04-03-2025 10:52,FALSE,Groceries
DebitCard,75,INR,Sweet,,02-03-2025 21:21,FALSE,Groceries
DebitCard,1076,INR,My Medicine,,02-03-2025 21:21,FALSE,Healthcare
DebitCard,284,INR,Biriyani,,02-03-2025 09:59,FALSE,Food
DebitCard,140,INR,Toto,,01-03-2025 19:29,FALSE,Shopping
DebitCard,420,INR,Flower,,01-03-2025 13:00,FALSE,Groceries
Hdfc Pixel,195,INR,Jio data,,01-03-2025 10:51,FALSE,Shopping
TN HDFC,210,INR,Fish,,01-03-2025 10:06,FALSE,Groceries
TN HDFC,40,INR,Vegetable,,01-03-2025 10:05,FALSE,Groceries
DebitCard,60,INR,Vegetable,,01-03-2025 10:05,FALSE,Groceries
TN HDFC,150,INR,Sweet,,01-03-2025 10:05,FALSE,Groceries
TN HDFC,265,INR,Chicken,,01-03-2025 10:04,FALSE,Groceries
DebitCard,700,INR,Arin Drawing,,01-03-2025 09:37,FALSE,Education
DebitCard,33450,INR,Emi,,01-03-2025 09:36,FALSE,Home
DebitCard,2200,INR,Somadi,,01-03-2025 09:36,FALSE,Home
DebitCard,1320,INR,Abacus,,01-03-2025 08:45,FALSE,Education
DebitCard,660,INR,Milk,,01-03-2025 08:38,FALSE,Groceries
DebitCard,1000,INR,Arin dance nishant,,01-03-2025 08:19,FALSE,Education
DebitCard,8910,INR,Arin bus,,01-03-2025 08:16,FALSE,Education
TN HDFC,5425,INR,,,28-02-2025 18:40,TRUE,Balance Correction
DebitCard,391,INR,Grocery,,28-02-2025 09:23,FALSE,Groceries
FlipkartAxis,542,INR,Descale powder,,28-02-2025 08:54,FALSE,Shopping
Hdfc Pixel,10154,INR,,"Updated Total Balance
Hdfc Pixel: ₹0",28-02-2025 08:50,TRUE,Balance Correction
DebitCard,72084,INR,,"Updated Total Balance
DebitCard: ₹0",28-02-2025 08:47,TRUE,Balance Correction
IciciAmazon,144,INR,,"Updated Total Balance
IciciAmazon: ₹0",28-02-2025 08:41,TRUE,Balance Correction
TN HDFC,440,INR,Fish,,28-02-2025 08:16,FALSE,Groceries
TN HDFC,110,INR,Muri,,28-02-2025 08:15,FALSE,Groceries
DebitCard,5000,INR,Grill colour,,27-02-2025 09:16,FALSE,Home
IciciAmazon,144,INR,Grocery amazon,,27-02-2025 08:36,FALSE,Groceries
DebitCard,542,INR,My Medicine,,27-02-2025 08:24,FALSE,Healthcare
DebitCard,429,INR,Grocery Bigbasket,,25-02-2025 21:13,FALSE,Groceries
Hdfc Pixel,152,INR,Car,,23-02-2025 11:41,FALSE,Shopping
TN HDFC,111,INR,Chicken,,23-02-2025 09:18,FALSE,Groceries
DebitCard,9000,INR,My cycle,,22-02-2025 22:02,FALSE,Shopping
DebitCard,206,INR,Swiggy food,,22-02-2025 22:01,FALSE,Bills & Fees
TN HDFC,925,INR,Reliance smart bazar,,22-02-2025 17:09,FALSE,Shopping
DebitCard,192,INR,My Medicine,,21-02-2025 08:13,FALSE,Healthcare
DebitCard,500,INR,Pakhi,,21-02-2025 08:08,FALSE,Home
DebitCard,506,INR,Vegetable,,21-02-2025 08:07,FALSE,Groceries
DebitCard,2027,INR,Nilanjana fashion,,21-02-2025 07:13,FALSE,Shopping
DebitCard,186,INR,Egg,,20-02-2025 07:44,FALSE,Groceries
TN HDFC,107,INR,Chicken,,20-02-2025 06:56,FALSE,Groceries
DebitCard,1941,INR,Flipkart grocery,,18-02-2025 18:47,FALSE,Groceries
DebitCard,1500,INR,,,18-02-2025 18:14,FALSE,Healthcare
DebitCard,448,INR,My recharge,,17-02-2025 22:12,FALSE,Home
TN HDFC,139,INR,Chicken,,16-02-2025 18:04,FALSE,Groceries
DebitCard,152,INR,Grocery,,15-02-2025 21:19,FALSE,Groceries
DebitCard,450,INR,Petrol,,15-02-2025 21:18,FALSE,Home
FlipkartAxis,409,INR,,,15-02-2025 08:19,TRUE,Balance Correction
TN HDFC,105,INR,Chicken,,14-02-2025 21:21,FALSE,Groceries
DebitCard,186,INR,Vegetable,,14-02-2025 08:53,FALSE,Groceries
TN HDFC,120,INR,Coconut,,14-02-2025 08:53,FALSE,Groceries
TN HDFC,167,INR,Muri,,14-02-2025 08:51,FALSE,Groceries
TN HDFC,160,INR,Rose,,14-02-2025 08:51,FALSE,Shopping
TN HDFC,350,INR,Mutton,,14-02-2025 08:50,FALSE,Groceries
TN HDFC,430,INR,Fish,,14-02-2025 08:50,FALSE,Groceries
DebitCard,120,INR,Coconut,,12-02-2025 07:57,FALSE,Groceries
TN HDFC,210,INR,Sweet,,12-02-2025 07:56,FALSE,Groceries
DebitCard,1747,INR,My Medicine,,11-02-2025 12:42,FALSE,Healthcare
DebitCard,748,INR,Vegetable,,11-02-2025 08:52,FALSE,Groceries
TN HDFC,186,INR,Fruit,,11-02-2025 08:51,FALSE,Groceries
TN HDFC,110,INR,Fish,,11-02-2025 08:50,FALSE,Groceries
FlipkartAxis,56,INR,Cashback,,10-02-2025 18:46,TRUE,Bills & Fees
DebitCard,161,INR,Arin Medicine,,09-02-2025 22:12,FALSE,Healthcare
DebitCard,754,INR,My Medicine,,09-02-2025 17:37,FALSE,Healthcare
DebitCard,260,INR,Grocery,,09-02-2025 17:32,FALSE,Groceries
TN HDFC,108,INR,Chicken,,09-02-2025 12:11,FALSE,Groceries
DebitCard,70,INR,Travel,,08-02-2025 17:50,FALSE,Travel
Hdfc Pixel,59,INR,,,08-02-2025 17:48,FALSE,Travel
Hdfc Pixel,3300,INR,My doctor,,08-02-2025 17:47,FALSE,Healthcare
Hdfc Pixel,1550,INR,My doctor,,08-02-2025 17:47,FALSE,Healthcare
DebitCard,448,INR,Recharge nilu,,08-02-2025 10:22,FALSE,Home
DebitCard,150,INR,Muri,,08-02-2025 09:27,FALSE,Groceries
Hdfc Pixel,220,INR,Fish,,08-02-2025 09:26,FALSE,Groceries
FlipkartAxis,465,INR,My socks,,07-02-2025 22:27,FALSE,Shopping
Hdfc Pixel,437,INR,Vaporizer machine,,06-02-2025 10:19,FALSE,Healthcare
TN HDFC,829,INR,Indane gas,,06-02-2025 10:18,FALSE,Home
Hdfc Pixel,4241,INR,Internet,,06-02-2025 08:07,FALSE,Home
TN HDFC,153,INR,Chicken,,04-02-2025 18:18,FALSE,Groceries
DebitCard,180,INR,Arin Medicine,,04-02-2025 16:43,FALSE,Healthcare
DebitCard,33450,INR,Emi,,01-02-2025 22:14,FALSE,Home
DebitCard,700,INR,Arin Drawing,,01-02-2025 18:32,FALSE,Education
DebitCard,2000,INR,Somadi,,01-02-2025 18:31,FALSE,Home
DebitCard,1000,INR,Arin dance nishant,,01-02-2025 18:30,FALSE,Education
DebitCard,1320,INR,Abacus,,01-02-2025 16:14,FALSE,Education
DebitCard,183,INR,Vegetable,,01-02-2025 16:14,FALSE,Groceries
DebitCard,1327,INR,Arin Medicine,,01-02-2025 14:59,FALSE,Healthcare
DebitCard,810,INR,Milk,,01-02-2025 10:08,FALSE,Groceries
DebitCard,3000,INR,Maintenance,,01-02-2025 08:53,FALSE,Home
IciciAmazon,663,INR,,"Updated Total Balance
IciciAmazon: ₹0",31-01-2025 17:06,TRUE,Balance Correction
TN HDFC,229196,INR,,"Updated Total Balance
TataNue: ₹0",31-01-2025 17:06,TRUE,Balance Correction
Hdfc Pixel,3809,INR,,"Updated Total Balance
Pixel: ₹0",31-01-2025 17:04,TRUE,Balance Correction
DebitCard,58897,INR,,"Updated Total Balance
DebitCard: ₹0",31-01-2025 17:04,TRUE,Balance Correction
IciciSapphiro,3000,INR,,"Updated Total Balance
IciciSapphiro: ₹0",31-01-2025 17:02,TRUE,Balance Correction
TN HDFC,219496,INR,Tanishq Necklace,,30-01-2025 10:03,FALSE,Shopping
DebitCard,100,INR,Vegetable,,30-01-2025 09:14,FALSE,Groceries
TN HDFC,103,INR,Chicken,,29-01-2025 22:00,FALSE,Groceries
DebitCard,458,INR,Vegetable,,29-01-2025 08:41,FALSE,Groceries
TN HDFC,67,INR,Milk bread,,29-01-2025 08:40,FALSE,Groceries
TN HDFC,480,INR,Fish,,29-01-2025 08:40,FALSE,Groceries
DebitCard,105,INR,Egg,,29-01-2025 08:39,FALSE,Groceries
DebitCard,702,INR,Medicine,,28-01-2025 22:35,FALSE,Healthcare
DebitCard,450,INR,Ghee,,28-01-2025 07:08,FALSE,Groceries
Hdfc Pixel,230,INR,Jiomart,,27-01-2025 13:30,FALSE,Groceries
DebitCard,1000,INR,Arin dance nishant,,26-01-2025 22:04,FALSE,Education
DebitCard,2302,INR,Flipkart grocery,,26-01-2025 22:04,FALSE,Groceries
DebitCard,300,INR,Bus,,24-01-2025 18:10,FALSE,Travel
TN HDFC,766,INR,Fruits chopnya,,24-01-2025 18:08,FALSE,Groceries
Hdfc Pixel,195,INR,Uber,,24-01-2025 11:31,FALSE,Travel
TN HDFC,376,INR,Petrol,,23-01-2025 08:45,FALSE,Home
DebitCard,15,INR,Urine container,,23-01-2025 06:23,FALSE,Healthcare
DebitCard,146,INR,Mio amore,,23-01-2025 06:23,FALSE,Food
IciciAmazon,394,INR,Mask,,23-01-2025 06:21,FALSE,Shopping
TN HDFC,1890,INR,Medicine-usg,,23-01-2025 06:12,FALSE,Healthcare
IciciSapphiro,3000,INR,Medicine ahc report,,22-01-2025 07:54,FALSE,Healthcare
TN HDFC,236,INR,Zepto,,22-01-2025 07:53,FALSE,Groceries
TN HDFC,142,INR,Noodles,,21-01-2025 18:49,FALSE,Groceries
TN HDFC,162,INR,Chicken,,19-01-2025 11:34,FALSE,Groceries
TN HDFC,1419,INR,My doctor,700+300 ecg+419 medicine ,18-01-2025 23:15,FALSE,Healthcare
TN HDFC,60,INR,My Haircut,,18-01-2025 14:59,FALSE,Home
TN HDFC,150,INR,Muri,,18-01-2025 14:59,FALSE,Groceries
TN HDFC,200,INR,Fish,,18-01-2025 14:58,FALSE,Groceries
Hdfc Pixel,138,INR,Medicine,,16-01-2025 22:05,FALSE,Healthcare
DebitCard,450,INR,Swiggy Instamart,,16-01-2025 12:20,FALSE,Groceries
DebitCard,367,INR,Vegetable,,16-01-2025 12:19,FALSE,Groceries
TN HDFC,212,INR,Fruits,,16-01-2025 12:18,FALSE,Groceries
FlipkartAxis,542,INR,Reverse,,15-01-2025 20:34,TRUE,Bills & Fees
FlipkartAxis,456,INR,Cashback,,15-01-2025 19:15,TRUE,Bills & Fees
FlipkartAxis,625,INR,,,15-01-2025 17:06,TRUE,Balance Correction
TN HDFC,270,INR,Grocery,,12-01-2025 12:37,FALSE,Groceries
TN HDFC,250,INR,Fish,,12-01-2025 12:36,FALSE,Groceries
DebitCard,150,INR,Milk egg,,12-01-2025 09:06,FALSE,Groceries
TN HDFC,160,INR,Chicken,,12-01-2025 09:06,FALSE,Groceries
DebitCard,284,INR,Biriyani,,10-01-2025 16:24,FALSE,Dining
Hdfc Pixel,140,INR,Muri,,09-01-2025 08:36,FALSE,Groceries
Hdfc Pixel,1743,INR,Zudio sk nk ajoy vora,,08-01-2025 22:43,FALSE,Shopping
Hdfc Pixel,460,INR,Shewta,,08-01-2025 22:43,FALSE,Shopping
Hdfc Pixel,160,INR,Jio fiber,,08-01-2025 09:40,FALSE,Bills & Fees
TN HDFC,2441,INR,Zudio arin nila sura,,07-01-2025 19:22,FALSE,Shopping
DebitCard,33450,INR,Emi,,07-01-2025 08:50,FALSE,Home
Hdfc Pixel,140,INR,Vegetable,,07-01-2025 08:46,FALSE,Groceries
Hdfc Pixel,207,INR,Arin gloves,,07-01-2025 08:45,FALSE,Shopping
Hdfc Pixel,396,INR,Petrol,,07-01-2025 08:45,FALSE,Home
TN HDFC,100,INR,Egg,,07-01-2025 08:43,FALSE,Groceries
TN HDFC,216,INR,Chicken,,07-01-2025 08:42,FALSE,Groceries
IciciAmazon,269,INR,Winter gloves,,07-01-2025 08:41,FALSE,Shopping
FlipkartAxis,262,INR,Kitchen window flim,,03-01-2025 22:32,FALSE,Home
DebitCard,14688,INR,Arin school,,03-01-2025 08:01,FALSE,Education
DebitCard,930,INR,Milk,,03-01-2025 07:57,FALSE,Groceries
FlipkartAxis,1361,INR,Flipkart grocery,,03-01-2025 07:51,FALSE,Groceries
DebitCard,3000,INR,Maintenance,,01-01-2025 08:32,FALSE,Home
